RedSocial,IDP,Request,FechaPeticion,FechaPublicacion,idPublicacion,Data
LinkedIn,0,Educacion en Estados Unidos,2026-01-20 06:23:22,1 semana,7415431069723856896,"¬øQu√© pasa con el derecho a la educaci√≥n cuando el mundo cambia de reglas? What happens to the right to education when the world changes its rules?  [English version below]  Les comparto estas primeras reflexiones personales a ra√≠z de todos los cambios que estamos viviendo como regi√≥n (y, claro, a nivel global), sobre todo tras la noticia de que EE. UU. se retira de m√°s de 60 organizaciones internacionales, convenciones y tratados. Es un duro golpe para el derecho humano a la educaci√≥n y para los cuatro a√±os que nos quedan para cumplir el ODS 4 de la Agenda 2030. ---- I am sharing these initial personal reflections in light of the many changes we are experiencing as a region (and, of course, globally), particularly following the news that the United States is withdrawing from more than 60 international organisations, conventions and treaties. This is a serious blow to the human right to education and to the four years we have left to meet SDG 4 of the 2030 Agenda. ‚Ä¶ m√°s"
LinkedIn,0,Educacion en Estados Unidos,2026-01-20 06:23:22,Juan Carlos Baz√°n Rea√±o,7385326684335394816,This is what it's like to be an elementary school teacher in the USA.  #Education #Educaci√≥n  https://lnkd.in/e-WXGAe2 ‚Ä¶ m√°s
LinkedIn,0,Educacion en Estados Unidos,2026-01-20 06:23:22,1 mes,7404228465643958272,"From our new home at the United States Mission Mexico, we‚Äôre proud to keep building binational education together-Desde nuestra nueva sede en la Misi√≥n de Estados Unidos en M√©xico, seguimos construyendo juntos la educaci√≥n binacional ‚Ä¶ m√°s"
LinkedIn,0,Educacion en Estados Unidos,2026-01-20 06:23:22,1 mes,7401707827028983808,"Hola red!  Estoy buscando a alguien que imparta clases particulares de espa√±ol para una persona que vive en Estados Unidos. Idealmente, alguien con experiencia ense√±ando a extranjeros, buena pronunciaci√≥n y disponibilidad para clases.  Si conoces a alguien o t√∫ mismo/a das clases, ¬°me encantar√° leerte! Pueden enviarme mensaje directo para compartir m√°s detalles.  ¬°Gracias por su ayuda!   ---  Hi everyone!  I‚Äôm looking for someone who can provide private Spanish lessons for a person living in the United States. Ideally, someone with experience teaching non-native speakers, clear pronunciation, and availability for sessions.  If you know someone  (or if you‚Äôre a tutor yourself) I‚Äôd love to hear from you! Feel free to send me a direct message for more details.  Thank you for your help!  #Espa√±olParaExtranjeros #ClasesDeEspa√±ol #SpanishTeacher #ProfesorDeEspa√±ol #OnlineTeaching #AprenderEspa√±ol #Educaci√≥n #Idiomas #SpanishLessons #SpanishTutor #LanguageLearning #Profesores ‚Ä¶ m√°s"
LinkedIn,0,Educacion en Estados Unidos,2026-01-20 06:23:22,1 mes,7397740603817689088,Are you going to study in Spain this summer?  #StudyinSpainSummer #Acci√≥nEducativaExterior #SpainEdOffice
LinkedIn,0,Educacion en Estados Unidos,2026-01-20 06:23:22,5 meses,7357020272647892992,"EDUCATION.  Entrepreneurship.  That side of the equation is in our hand.  With an accent.  With questionable diction.   And a very clearunderstanding of the value provided, the need of the market, and the goals.  Y t√∫: est√°s invirtiendo en tu educaci√≥n para triunfar en los Estados Unidos, emprendedor? ‚Ä¶ m√°s"
LinkedIn,0,Educacion en Estados Unidos,2026-01-20 06:23:22,7 meses,7330983589813116929,"We're hiring! Estamos contratando! We are looking for a Director of Education and Advocacy to shepherd the work of our diverse and dynamic binational team so that we can advance political will in the US and Mexico in favor of humane, just and workable immigration policy.  Estamos buscando alguien para Direcci√≥n de Educaci√≥n e Incidencia para coordinar el trabajo de nuestro equipo binacional diverso y din√°mico con la finalidad de avanzar la voluntad pol√≠tica en Estados Unidos y M√©xico a favor de una pol√≠tica migratoria humana, justa y viable.  Candidates must be fully bilingual in English and Spanish, have a deep personal committment to Migration with Dignity, management experience, and an understanding of and support for Catholic Social Teaching.  Let me know if you have any questions about the role and please share with your networks! More information available here: https://lnkd.in/eFnj6HUv ‚Ä¶ m√°s"
LinkedIn,0,Educacion en Estados Unidos,2026-01-20 06:23:22,7 meses,7330691291137167362,"üíªüìö Las TICs en la educaci√≥n no solo conectan, tambi√©n inspiran. A trav√©s de Microsoft TEALS, llevamos la tecnolog√≠a al aula para que estudiantes de preparatoria desarrollen habilidades clave en computaci√≥n, programaci√≥n e inteligencia artificial.  üíö#MicrosoftTEALSProgram es posible gracias al Consulado General de los Estados Unidos en Ciudad Ju√°rez, FECHAC, #Frida y #Microsoft  üíªüìö ICT in education not only connects, it also inspires. Through Microsoft TEALS, we bring technology into the classroom for high school students to develop key skills in computing, programming and artificial intelligence.  üíö#MicrosoftTEALSProgram is made possible by the U.S. Consulate General in Ciudad Juarez, FECHAC, #Frida and #Microsoft.  #Funax #conectandohuManos ‚Ä¶ m√°s"
LinkedIn,0,Educacion en Estados Unidos,2026-01-20 06:23:22,Tatiana Alajmo Flye,7361245069670064130,"‚ú® ¬°Tenemos una gran noticia! ‚ú®  	Estamos muy emocionados de dar la bienvenida a Kate Cottrell como nuestra nueva College Counselor en Purpose First!   Kate es graduada en Administraci√≥n de Empresas (BBA) por The George Washington University, tiene una Maestr√≠a en Educaci√≥n (EdM) por Harvard Graduate School of Education y cuenta con el International College Advising Certificate de la University of Pennsylvania.  Con casi 20 a√±os de experiencia en educaci√≥n, incluidos 13 a√±os como docente, Kate ha trabajado en Estados Unidos y en el extranjero ayudando a estudiantes de todas las edades a alcanzar sus metas.   En Purpose First, estar√° colaborando estrechamente con nuestros colegios aliados y acompa√±ando de manera personalizada a todos nuestros j√≥venes y adultos  que est√°n aplicando a universidades en todo el mundo. Es adem√°s orgullosa miembro de la International Association for College Admission Counseling.  **iBienvenida al equipo Kate!!**  _______  ‚ú® We have great news! ‚ú®  We‚Äôre thrilled to welcome Kate Cottrell as our new College Counselor at Purpose First!  Kate holds a BBA from The George Washington University, an EdM from the Harvard Graduate School of Education, and an International College Advising Certificate from the University of Pennsylvania.  With nearly 20 years of experience in education, including 13 years in the classroom, Kate has worked in the United States and abroad helping students of all ages achieve their goals.  At Purpose First, she will be working closely with our partner schools and providing personalized guidance to all our youth and adult students applying to universities around the world. She is also a proud member of the International Association for College Admission Counseling.  Welcome to the team, Kate!   #PurposeFirst #CollegeCounselor #Education #UniversityGuidance #HigherEducation ‚Ä¶ m√°s"
LinkedIn,0,Educacion en Estados Unidos,2026-01-20 06:23:22,1 semana,7415784512699273216,Curious about studying in Spanish cities this summer?   Scan the QR code and sign up today!  #StudyinSpainSummer #Acci√≥nEducativaExterior #SpainEdOffice ‚Ä¶ m√°s
LinkedIn,0,Educacion en Estados Unidos,2026-01-20 06:23:22,8 meses,7320124487968903168,"I started The Multilingual Project (TMP) with a clear goal in mind: to create a more robust and responsive multilingual education system in Colorado and beyond. That‚Äôs why this #MultilingualMonday, we‚Äôre proud to #SpreadTheWord in Spanish too‚Äî because to us, that‚Äôs what it truly means to go beyond words and into worlds.  Follow TMP for more updates to come on all things multilingualism and multilingual education.  Empec√© el proyecto multiling√ºe (The Multilingual Project, por sus siglas en ingl√©s) con un objetivo claro: crear un sistema educativo multiling√ºe m√°s robusto y receptivo en Colorado y m√°s all√°. ¬°Este #MultilingualMonday, estamos orgullosos a #CorrerLaVoz tambi√©n en el espa√±ol!  Seguir el proyecto multiling√ºe para recibir m√°s actualizaciones en todas las cosas multiling√ºismos y la educaci√≥n multiling√ºe.  #MultilingualMonday #SpreadTheWord #CorrerLaVoz #BeyondWordsIntoWorlds ‚Ä¶ m√°s"
LinkedIn,0,Educacion en Estados Unidos,2026-01-20 06:23:22,2 meses,7386117770209390592,"Read this for more information about FAPE and how to respond to ‚ÄúWe can‚Äôt do that here‚Äù  ‚Ä¢ FAPE basics: An IEP must be individualized, based on current data, implemented as written, and in the least restrictive environment.  ‚Ä¢ Red flags: Denial of eligibility despite consistent outside data; same services recycled without progress; program-driven limits (‚Äúwe don‚Äôt do that‚Äù).  ‚Ä¢ Your rights: Ask for PWN for any refusal; submit outside assessments; ask how the IEP will produce measurable progress.  ‚Ä¢ Dispute paths: IEP facilitation, state complaint, mediation, or due process choose based on urgency and remedy sought.  ‚Ä¢ Parent action: ‚ÄúPlease document the refusal in PWN, including data relied on and alternatives considered.‚Äù  If you live in CA, need a free legal consultation and would like to discuss possible representation (also free), please click the link in our bio, fill out the form, and schedule a consultation on Calendly.   We practice in the state of California, and while many special education laws are similar across the United States, there are some slight variances from state to state.  The information provided on this social media account is intended solely to offer general information and should not be interpreted as legal advice or a substitute for legal advice.  Si vive en California, necesita una consulta legal gratuita y desea discutir una posible representaci√≥n (tambi√©n gratuita), por favor haga clic en el enlace de nuestra biograf√≠a, complete el formulario y programe una consulta en Calendly.   Practicamos en el estado de California y, aunque muchas leyes de educaci√≥n especial son similares en todo Estados Unidos, existen algunas variaciones de un estado a otro.  La informaci√≥n proporcionada en esta cuenta de redes sociales tiene como fin √∫nicamente ofrecer informaci√≥n general y no debe interpretarse como asesoramiento legal ni sustituto de asesoramiento legal. ‚Ä¶ m√°s"
LinkedIn,0,Educacion en Estados Unidos,2026-01-20 06:23:22,3 meses,7383456382018101248,"Si est√°n pensando en estudiar un doctorado y les interesa explorar la relaci√≥n entre tecnolog√≠a, dise√±o y aprendizaje, revisen esta invitaci√≥n de Natalie Rae, Ph.D., para postularse al Ph.D. en Learning, Design, and Technology en Penn State University.  Dr. Rae hace parte de mi comit√© de disertaci√≥n y su inter√©s por el uso de la tecnolog√≠a en la educaci√≥n va m√°s all√° de su aplicaci√≥n como herramienta, enfoc√°ndose en examinar sus relaciones con otros aspectos hist√≥ricos y sociales que determinan los espacios de ense√±anza y aprendizaje.  Si tienen preguntas sobre el programa o quieren saber m√°s sobre estudiar un doctorado en Estados Unidos, me pueden escribir un mensaje directo.   -----------------   Don't miss this great opportunity to join the Ph.D. in Learning, Design, and Technology at Penn State.   Dr. Rae‚Äôs research invites us to see educational technology not just as a tool, but as something deeply connected to the social and historical forces that shape teaching and learning.  #PennState #LDT #PhD #CGC  ‚Ä¶ m√°s"
LinkedIn,0,Educacion en Estados Unidos,2026-01-20 06:23:22,4 meses,7370454968753029120,"(Espa√±ol abajo) ‚ú® Exciting news ‚Äì I was recently featured in La Naci√≥n in an article about studying in the United States.  The piece is interesting for anyone who is considering the possibility of studying abroad. It dives into the realities of applying to U.S. universities: the advantages and challenges, the costs of tuition, room and board, and the possibilities of scholarships.  As I shared in the interview:  ‚ÄúCreo que mi doble perspectiva, como norteamericana y como consultora educativa en la Argentina, me permite ver que ambos sistemas tienen distintas ventajas. El modelo norteamericano ofrece prestigio, comunidad y proyecci√≥n internacional; mientras que el argentino ofrece calidad acad√©mica, accesibilidad y contenci√≥n social.‚Äù  After 13 years of living and working in Argentina, I‚Äôve seen how families here view higher education both locally and abroad, and I‚Äôm passionate about helping students find the best path for their future.  You can read the full article here üëâ https://lnkd.in/d9nPJmue ------ ‚ú® ¬°Buenas noticias! Recientemente fui entrevistada en La Naci√≥n en una nota sobre estudiar en Estados Unidos.  El art√≠culo es interesante para cualquiera que est√© considerando la posibilidad de estudiar en el extranjero. Analiza las realidades de aplicar a universidades norteamericanas: las ventajas y desaf√≠os, los costos de matr√≠cula, alojamiento y comida, y tambi√©n las posibilidades de obtener becas.  Como compart√≠ en la entrevista:  ‚ÄúCreo que mi doble perspectiva, como norteamericana y como consultora educativa en la Argentina, me permite ver que ambos sistemas tienen distintas ventajas. El modelo norteamericano ofrece prestigio, comunidad y proyecci√≥n internacional; mientras que el argentino ofrece calidad acad√©mica, accesibilidad y contenci√≥n social.‚Äù  Despu√©s de 13 a√±os de vivir y trabajar en Argentina, he visto c√≥mo las familias aqu√≠ ven la educaci√≥n superior tanto a nivel local como en el exterior, y me apasiona ayudar a los alumnos a encontrar el mejor camino para su futuro.  Pod√©s leer la nota completa ac√° üëâ  lanacion.com Cintia Perazo #estudiarafuera #estudiarenEEUU #studyUSA #StudyAbroad #studyinusa #applytocollege #collegeapplication #collegeapplicationprocess ‚Ä¶ m√°s"
LinkedIn,0,Educacion en Estados Unidos,2026-01-20 06:23:22,2 semanas,7414098675716591616,"Venezuelan Diaspora ‚ÄãThe recent capture of Nicol√°s Maduro by U.S. forces has sparked a wave of hope within the Venezuelan community in Chile, with projections suggesting that 30% of residents could return home soon. ‚ÄãThis potential mass movement raises the following key points for Chile: ‚ÄãHumanitarian Corridor: The Governor of Arica has already requested the coordination of a regional corridor to facilitate safe transit toward the north. ‚ÄãBorder Security: The Chilean government is keeping borders under active monitoring to manage outbound flows and prevent bottlenecks. ‚ÄãEconomic Impact: The departure of a significant portion of the workforce and consumer base would impact various local commercial sectors. ‚ÄãPaperwork and Procedures: Should diplomatic relations normalize, consulates would face a high demand for travel documents and legal paperwork. ‚ÄãWould you like me to go deeper into how this would specifically affect the Chilean economy or the labor market?  ‚Äã""How will the hotel industry manage the loss of Venezuelan talent, given the high standards and quality of service they have consistently delivered?"" ‚Ä¶ m√°s"
LinkedIn,0,Educacion en Estados Unidos,2026-01-20 06:23:22,1 a√±o,7168732451362463746,"üåüEstimada comunidad educativa,  Luego de leer el art√≠culo de Forbes, ""No More Teachers: The Epic Crisis Facing Education In 2024"", he estado reflexionando sobre la crisis de escasez de profesores, especialmente porque tuve la oportunidad de ense√±ar en Estados Unidos durante varios a√±os.  Este art√≠culo destaca varios factores que desaniman a los maestros a la hora de ense√±ar, siendo uno de ellos el salario que reciben.  Recuerdo que en un momento, cuando viv√≠a en USA, mi salario apenas me alcanzaba y decid√≠ solicitar un aumento. Me sorprend√≠ al enterarme que era la primera en hacerlo en esa escuela, y adem√°s, ¬°la m√°s joven!  Es por esto que creo que como profesores debemos ser proactivos cuando se trata de mostrar nuestro valor, no solo para proporcionar la mejor educaci√≥n posible a nuestros alumnos, sino que para mejorar nuestra calidad de vida.   En Miss Berni, estamos comprometidos a ser parte de la soluci√≥n, aportando valor a cada docente que se suma a nuestra comunidad y creando puentes entre ellos y escuelas en los Estados Unidos.  Si te interesa ser parte de este cambio o conoces a alguien que pueda beneficiarse, comparte esta informaci√≥n y ponte en contacto con nosotros. Juntos, construiremos un futuro mucho mejor para nuestros profesores.  #EmpoderamientoEducativo #ValorDelMaestro #FuturoDeLaEducaci√≥n #MissBerni  ____  üåüDear educational community,  After reading the Forbes article, ""No More Teachers: The Epic Crisis Facing Education In 2024,"" I have been contemplating the teacher shortage crisis, especially because I had the opportunity to teach in the United States for several years.  This article highlights various factors that discourage teachers from pursuing the noble profession, with one of them being the salary they receive.  I recall a moment during my time in the USA when my salary barely covered my needs, prompting me to request a raise. I was surprised to learn that I was the first to do so in that school, and to top it off, the youngest!  That's why I believe as educators, we must be proactive in showcasing our value‚Äînot just to provide the best possible education for our students but also to enhance our quality of life.  At Miss Berni, we are committed to being part of the solution by adding value to every teacher who joins our community and building bridges between them and schools in the United States.  If you're interested in being part of this change or know someone who could benefit, please share this information and get in touch with us. Together, we will construct a much brighter future for our teachers.  #EducationEmpowerment #TeacherValue #FutureOfEducation #MissBerni   https://lnkd.in/dGtXid4c ‚Ä¶ m√°s"
LinkedIn,0,Educacion en Estados Unidos,2026-01-20 06:23:22,1 semana,7415081881295192064,"I couldn't find the guide I needed. So, I became one. (La versi√≥n en espa√±ol se encuentra a continuaci√≥n)  In 2020, I was at the peak of my baseball career and talking to scouts. Then the world stopped. In my hardest season, I looked for a mental coach who spoke my language and understood my journey as an immigrant athlete. I couldn‚Äôt find one.  I traded my jersey for a degree in Clinical Mental Health Counseling because mental tools shouldn't be a privilege‚Äîthey should be a standard for every athlete.  Our 2026 Goal: Reach 10,000 Athletes. After reaching 5,000 players last year, we are doubling our impact across the U.S. and the Dominican Republic through our bilingual curriculum, Mentes Fuertes. Special thanks to Jilber Rosario for his leadership in this mission.  Read our first newsletter of 2026 to see our full roadmap below. ‚¨áÔ∏è  --- No pude encontrar al gu√≠a que necesitaba. As√≠ que me convert√≠ en uno.  En 2020, estaba en la cima de mi carrera y hablando con scouts. Cuando el mundo se detuvo, busqu√© un entrenador mental que hablara mi idioma y entendiera mi camino como inmigrante. No encontr√© a nadie.  Cambi√© mi uniforme por un t√≠tulo en Salud Mental porque estas herramientas no deben ser un privilegio, sino un est√°ndar.  Nuestra Meta 2026: 10,000 Atletas. Tras llegar a 5,000 j√≥venes el a√±o pasado, duplicamos nuestro impacto en EE. UU. y R.D. con nuestro curr√≠culo biling√ºe: Mentes Fuertes. Gracias a Jilber Rosario por su liderazgo clave.  Lee nuestro primer bolet√≠n de 2026 y conoce nuestra hoja de ruta debajo. üëá  #MentalHealth #MentesFuertes #LatinoAthletes #Baseball #MentalPerformance ‚Ä¶ m√°s"
LinkedIn,0,Educacion en Estados Unidos,2026-01-20 06:23:22,3 meses,7384294498979414017,"Read this for more information about the Summary of Performance (SOP):  ‚Ä¢ What it is: When IDEA eligibility ends because of graduation with a regular diploma or aging out, schools must provide a summary of academic achievement and functional performance, with recommendations to support post-school goals.  ‚Ä¢ Timing: Requirement applies at exit. Ask for a draft 60‚Äì90 days before the final IEP meeting so missing data can be added.  ‚Ä¢ Quality check: Include current, objective data (reading/writing/math), functional skills (organization, communication, self-advocacy), effective accommodations/AT, and specific recommendations (testing accommodations, campus disability services, vocational supports).  ‚Ä¢ Why it matters: Colleges/employers/agencies may use it to understand supports; it‚Äôs informational, not a guarantee of services.  If you live in CA, need a free legal consultation and would like to discuss possible representation (also free), please click the link in our bio, fill out the form, and schedule a consultation on Calendly.   We practice in the state of California, and while many special education laws are similar across the United States, there are some slight variances from state to state.  The information provided on this social media account is intended solely to offer general information and should not be interpreted as legal advice or a substitute for legal advice.  Si vive en California, necesita una consulta legal gratuita y desea discutir una posible representaci√≥n (tambi√©n gratuita), por favor haga clic en el enlace de nuestra biograf√≠a, complete el formulario y programe una consulta en Calendly.   Practicamos en el estado de California y, aunque muchas leyes de educaci√≥n especial son similares en todo Estados Unidos, existen algunas variaciones de un estado a otro.  La informaci√≥n proporcionada en esta cuenta de redes sociales tiene como fin √∫nicamente ofrecer informaci√≥n general y no debe interpretarse como asesoramiento legal ni sustituto de asesoramiento legal. ‚Ä¶ m√°s"
LinkedIn,0,Educacion en Estados Unidos,2026-01-20 06:23:22,7 meses,7332414781053681666,"He obtenido mi certificado por haber completado con √©xito el curso English for Career Development MOOC üåü . El programa OPEN est√° patrocinado por el Departamento de Estado de los EE. UU., la Oficina de Asuntos Educativos y Culturales. Es gratuito üí´  y algunos programas est√°n abiertos hasta junio-julio üôå . Les dejo el link de inscripci√≥n ‚úç: https://lnkd.in/eNzFH9x4 El curso que tome gu√≠a a los participantes a trav√©s del proceso de solicitud de empleo al mismo tiempo que ampl√≠a su vocabulario y habilidades ling√º√≠sticas. Los objetivos del curso incluyeron lo siguiente:  1. Comparar y contrastar el proceso de b√∫squeda de empleo en los Estados Unidos y su pa√≠s de origen. 2. Describir sus intereses y talentos profesionales y comenzar a desarrollar su perfil profesional,  3. Producir su propio curr√≠culum de 1 p√°gina que refleje su educaci√≥n, experiencia laboral y habilidades. 4. Producir su propia carta de presentaci√≥n y explicar por qu√© es la persona adecuada para el trabajo.  5. Describirse brevemente en un discurso de ascensor de networking. 6. Preparar y responder una pregunta de entrevista de manera breve y clara. --- I have obtained my certificate for successfully completing the English for Career Development MOOC course üåü. The OPEN program is sponsored by the U.S. Department of State, Bureau of Educational and Cultural Affairs. It is free üí´ and some programs are open until June-July üôå.  Here is the registration link ‚úç: https://lnkd.in/eNzFH9x4  The course I took guides participants through the job application process while expanding their vocabulary and language skills. The course objectives included the following: 1. Compare and contrast the job search process in the United States and their home country. 2. Describe their professional interests and talents and begin to develop their professional profile. 3. Produce their own one-page resume that reflects their education, work experience, and skills. 4. Write your own cover letter and explain why you're the right person for the job. 5. Briefly describe yourself in a networking elevator pitch. 6. Prepare and answer an interview question briefly and clearly. ‚Ä¶ m√°s"
LinkedIn,0,Educacion en Estados Unidos,2026-01-20 06:23:22,1 mes,7406490753461436416,"ü§ù El pasado 8 de diciembre, los presidentes de Dominican University (Chicago), University of Mount Saint Vincent (Nueva York) y Universidad del Sagrado Coraz√≥n (San Juan, Puerto Rico) se reunieron en el Campus Principal de la University of the Incarnate Word, en San Antonio, junto con nuestro Presidente, Dr. Thomas Evans, para celebrar la firma conmemorativa del lanzamiento de CHARISM (Catholic Higher Education Alliance of Rising Institutions in Service and Mission).  üåé Esta nueva alianza re√∫ne a universidades de inspiraci√≥n cat√≥lica en ciudades clave de Estados Unidos y Puerto Rico, con el objetivo de impulsar experiencias estudiantiles de alto impacto, colaboraci√≥n acad√©mica, investigaci√≥n conjunta y nuevas oportunidades internacionales.  üá≤üáΩ üá∫üá∏ Con m√°s de 22 a√±os como la primera universidad estadounidense en M√©xico en ofrecer doble titulaci√≥n M√©xico‚ÄìEstados Unidos y programas de movilidad accesibles, la UIW reafirma su liderazgo como instituci√≥n innovadora y pionera en la educaci√≥n superior internacional.  Nos entusiasma profundamente el inicio de esta alianza y las oportunidades que abrir√° para nuestros estudiantes.  ______  On December 8, the Presidents of Dominican University in Chicago, the University of Mount Saint Vincent in New York, and Universidad del Sagrado Coraz√≥n in San Juan, Puerto Rico, gathered at the University of the Incarnate Word‚Äôs main campus in San Antonio alongside our President, Dr. Thomas Evans, to commemorate the launch of CHARISM (Catholic Higher Education Alliance of Rising Institutions in Service and Mission).  This new alliance brings together Catholic-inspired universities located in key cities across the United States and Puerto Rico, with the shared goal of expanding high-impact student experiences, academic collaboration, joint research, and international opportunities.  With more than 22 years as the first U.S. university in Mexico to offer true Mexico‚ÄìU.S. double degrees and accessible study-abroad pathways, UIW continues to strengthen its role as an innovative and pioneering institution in global higher education.  We are excited to move forward together and to create new opportunities for our students. ‚Ä¶ m√°s"
LinkedIn,0,Educacion en Estados Unidos,2026-01-20 06:23:22,6 meses,7346948772393893889,"Este 4 de julio celebramos el esp√≠ritu que dio origen a los Estados Unidos: la libertad, la justicia y la b√∫squeda de un futuro mejor para todos. En San Ignacio University, una comunidad diversa que florece en el coraz√≥n de Miami, nos sentimos parte de ese legado. Nos une la convicci√≥n de que la educaci√≥n es una herramienta poderosa para ampliar oportunidades, formar ciudadanos comprometidos y construir puentes entre culturas. Hoy rendimos homenaje a una naci√≥n que ha abierto sus puertas al conocimiento, al emprendimiento y al talento de miles de estudiantes de todo el mundo. ¬°Feliz D√≠a de la Independencia!. This 4th of July, we celebrate the spirit that gave rise to the United States: freedom, justice, and the pursuit of a better future for all. At San Ignacio University, a diverse community thriving in the heart of Miami, we feel part of that legacy. We are united by the belief that education is a powerful tool to expand opportunities, shape committed citizens, and build bridges between cultures. Today, we honor a nation that has opened its doors to knowledge, entrepreneurship, and the talent of thousands of students from around the world. Happy Independence Day. ‚Ä¶ m√°s"
LinkedIn,0,Educacion en Estados Unidos,2026-01-20 06:23:22,1 a√±o,7241534873616678912,"La apuesta por la internacionalizaci√≥n de la educaci√≥n superior en Estados Unidos va m√°s all√° de mantener a la poblaci√≥n cautiva de China e India. Se evidenciaron incrementos de ingresos de pa√≠ses como Ghana, Arabia Saudita y Taiwan. Colombia recibi√≥ la apertura de una oficina de reclutamiento de la Universidad de Cincinnati durante el primer semestre del 2023.  The bet on internationalization of the U.S.A higher education goes beyond maintaining the influx of Chinese and Indian students. There were increments on enrollment from countries like Ghana, Saudi Arabia, and Taiwan. During the Spring semester of 2023, the University of Cincinnati opened an international-recruitment office in Colombia. ‚Ä¶ m√°s"
LinkedIn,0,Educacion en Estados Unidos,2026-01-20 06:23:22,9 meses,7308953647231508481,"America's greatness is rooted in the federal government's support for education, ensuring equal opportunities, funding vital programs, and advocating national standards. This commitment has cultivated a well-educated and competitive workforce, crucial for our constitutional republic's prosperity. Empowering citizens to assess ideas and participate in civic affairs is fundamental to our nation's fabric. Public education is a pillar of democracy, nurturing an informed and engaged populace adept at upholding civic values, critical thinking, and informed dialogue.  üá∫üá∏üá∫üá∏üá∫üá∏üá∫üá∏üá∫üá∏üá∫üá∏üá∫üá∏üá∫üá∏üá∫üá∏üá∫üá∏üá∫üá∏üá∫üá∏üá∫üá∏üá∫üá∏üá∫üá∏üá∫üá∏üá∫üá∏üá∫üá∏üá∫üá∏üá∫üá∏  La grandeza de Estados Unidos se basa en el apoyo del gobierno federal a la educaci√≥n, garantizando la igualdad de oportunidades, financiando programas vitales y promoviendo est√°ndares nacionales. Este compromiso ha cultivado una fuerza laboral bien formada y competitiva, crucial para la prosperidad de nuestra rep√∫blica constitucional. Empoderar a los ciudadanos para que eval√∫en sus ideas y participen en los asuntos c√≠vicos es fundamental para el tejido social de nuestra naci√≥n. La educaci√≥n p√∫blica es un pilar de la democracia, ya que fomenta una poblaci√≥n informada y comprometida, capaz de defender los valores c√≠vicos, el pensamiento cr√≠tico y el di√°logo informado. ‚Ä¶ m√°s"
LinkedIn,0,Educacion en Estados Unidos,2026-01-20 06:23:22,1 mes,7405685289744068608,"{ESP} ‚ú® Me alegra contarles que he sido seleccionada para participar en Fi Girls, un programa de educaci√≥n financiera de Fi. Studio ~ Finance + Tech junto a la Embajada de los Estados Unidos, en compa√±√≠a de otras 49 mujeres. üíõ  Uno de los datos que m√°s me impact√≥ fue conocer la brecha en educaci√≥n financiera entre hombres y mujeres en Am√©rica Latina. üìä No es solo un tema de dinero, es un tema de decisiones, autonom√≠a y futuro. üåç‚ú®  Me sent√≠ muy identificada, porque en el tema de mis finanzas a veces me dejo llevar por los impulsos. üí≠üí∏ Muy emocionada de formar parte de este programa y de ir compartiendo todo el aprendizaje a lo largo del proceso. üå±‚ú® ‚Äî‚Äî‚Äî‚Äî‚Äî‚Äî‚Äî‚Äî‚Äî‚Äî‚Äî‚Äî‚Äî‚Äî‚Äî‚Äî‚Äî‚Äî {EN}  ‚ú® I‚Äôm happy to share that I‚Äôve been selected to participate in Fi Girls, a financial education program by Fi. Studio ~ Finance + Tech in collaboration with the U.S. Embassy, alongside 49 other women. üíõ  One of the things that impacted me the most was learning about the financial education gap between men and women across Latin America. üìä It‚Äôs not just about money ‚Äî it‚Äôs about decisions, autonomy, and the future. üåç‚ú®  I strongly related to this, because when it comes to my finances, I sometimes act on impulse. üí≠üí∏ I‚Äôm truly excited to be part of this program and to share everything I learn along the way. üå±‚ú® ‚Ä¶ m√°s"
LinkedIn,0,Educacion en Estados Unidos,2026-01-20 06:23:22,3 meses,7385744046771724288,"Read this for more information about missed services and weak progress monitoring:  ‚Ä¢ Delivery required: If a service (speech/OT/counseling) is listed, it must be provided as scheduled; repeated cancellations typically trigger compensatory time.  ‚Ä¢ Progress must be shown: Reports should include data (percentages, probes, rubrics), not only narrative comments.  ‚Ä¢ No specialist access: If a required provider hasn‚Äôt seen your student, request logs, a catch-up plan, and consider compensatory services if progress suffered.  ‚Ä¢ Parent action (copy/paste): ‚ÄúPlease share the last two months of service logs and goal-progress graphs, and propose make-up dates for any missed sessions.‚Äù  If you live in CA, need a free legal consultation and would like to discuss possible representation (also free), please click the link in our bio, fill out the form, and schedule a consultation on Calendly.   We practice in the state of California, and while many special education laws are similar across the United States, there are some slight variances from state to state.  The information provided on this social media account is intended solely to offer general information and should not be interpreted as legal advice or a substitute for legal advice.  Si vive en California, necesita una consulta legal gratuita y desea discutir una posible representaci√≥n (tambi√©n gratuita), por favor haga clic en el enlace de nuestra biograf√≠a, complete el formulario y programe una consulta en Calendly.   Practicamos en el estado de California y, aunque muchas leyes de educaci√≥n especial son similares en todo Estados Unidos, existen algunas variaciones de un estado a otro.  La informaci√≥n proporcionada en esta cuenta de redes sociales tiene como fin √∫nicamente ofrecer informaci√≥n general y no debe interpretarse como asesoramiento legal ni sustituto de asesoramiento legal. ‚Ä¶ m√°s"
LinkedIn,0,Educacion en Estados Unidos,2026-01-20 06:23:22,1 a√±o,7269094734621458432,"BUENA TEORIA  SUSCR√çBETE A NUESTRO CANAL y ACTIVA LA CAMPANITAüîî PARA NO PERDERTE NING√öN V√çDEOüá≤üáΩ GRACIAS‚ú®  ‚úÖHazte miembro de nuestro canal para tener contenido exclusivo y ventajas: https://lnkd.in/ezAWsSbT  ‚ñ∂Ô∏è Suscribete a nuestro canal: https://lnkd.in/eS-tNTHS  üôãüôã‚Äç‚ôÇÔ∏èInstagram: https://ift.tt/CZnUObX  ‚ñ∂Ô∏èDonativos para Viaje a M√©xico: https://ift.tt/8bMHpfg  ‚ñ∂Ô∏èContacto: martavladi08@gmail.com  #mexico #mexicano  ¬°Hoy os traemos el v√≠deo de‚Ä¶ BUENA TEORIA  Este v√≠deo fue una creaci√≥n audiovisual que se baso en la recopilaci√≥n de distintos medios visuales para realizaci√≥n de este v√≠deo. La Ley de Copyright de los Estados Unidos de Am√©rica especifica que todo v√≠deo cuyo prop√≥sito sea entretenimiento, reportaje, educaci√≥n, investigaci√≥n o comentario no infringe los derechos originales de los contenidos y por lo tanto se considera ""Uso Justo"" ""Fair Use"" bajo la ley estadounidense.  ‚òÖ DISCLAIMER ‚òÖ I do not own the anime, music, artwork or the lyrics. All rights reserved to their respective owners!!! This video is not meant to infringe any of the copyrights. This is for promote.  ------------------------------------  ‚òÖ Copyright Disclaimer ‚òÖ Title 17, US Code (Sections 107-118 of the copyright law, Act 1976): All media in this video is used for purpose of review & commentary under terms of fair use. All footage, & images used belong to their respective companies. Fair use is a use permitted by copyright statute that might otherwise be infringing.  via YouTube https://lnkd.in/emAPRUtN ‚Ä¶ m√°s"
LinkedIn,0,Educacion en Estados Unidos,2026-01-20 06:23:22,2 meses,7386546250592157696,"üí´ Hace 10 a√±os naci√≥ un sue√±o en el coraz√≥n del Baj√≠o: formar l√≠deres con visi√≥n global y esp√≠ritu de servicio. Hoy, la Universidad Incarnate Word Campus Baj√≠o celebra una d√©cada de fe, excelencia y amor por la educaci√≥n, ofreciendo la Doble Titulaci√≥n M√©xico‚ÄìEstados Unidos y movilidad directa al Campus Principal en San Antonio, sin necesidad de revalidaciones ni apostilles. Gracias a quienes han sido parte de esta historia que sigue transformando vidas desde Irapuato hacia el mundo. ‚ù§Ô∏èüá≤üáΩüá∫üá∏ #UIWBaj√≠o #10A√±osUIWBaj√≠o #Educaci√≥nConCoraz√≥n #UIW #DoubleDegree #Irapuato #HigherEducation #UIWSanAntonio  üí´ Ten years ago, a dream was born in the heart of the Baj√≠o ‚Äîto educate leaders with a global vision and a spirit of service. Today, University of the Incarnate Word Campus Baj√≠o celebrates a decade of faith, excellence, and love for education through its Double Degree Mexico‚ÄìU.S. program and direct mobility to the Main Campus in San Antonio ‚Äîno revalidations, no apostilles. Thank you to everyone who has been part of this journey transforming lives from Irapuato to the world. ‚ù§Ô∏èüá∫üá∏üá≤üáΩ #UIWBajio #10YearsUIWBajio #UIW #DoubleDegree #EducationWithHeart #HigherEducation #UIWSanAntonio ‚Ä¶ m√°s"
LinkedIn,0,Educacion en Estados Unidos,2026-01-20 06:23:22,1 a√±o,7262921425915625474,"Nuestra CEO y Co Founder Constanza Azzolina fue entrevistada por Citizen Schools, una organizacion educativa con la que XSTEM tiene mucho en comun, sobre todo una mirada activa de la educacion, conectada con problemas reales y que despierta la motivacion por aprender. Un orgullo ser parte de esta red tan incre√≠ble de educadores de Citizen Schools en Estados Unidos, y adjuntamos en nuestro blog la nota en espa√±ol para quienes la quieran leer en este idioma.  https://lnkd.in/eA_TyEGM  https://lnkd.in/e2ww6zfp  ----------------------------- Our CEO and Co-Founder, Constanza Azzolina, was interviewed by Citizen Schools, an educational organization with which XSTEM shares much in common‚Äîparticularly an active approach to education, connected to real-world problems and designed to spark a genuine motivation to learn. We are proud to be part of this incredible network of Citizen Schools educators in the United States.  https://lnkd.in/e2ww6zfp   #CitizenSchools #Educaci√≥nSTEM #STEMEducation #STEM #Education ‚Ä¶ m√°s"
LinkedIn,0,Educacion en Estados Unidos,2026-01-20 06:23:22,3 meses,7385385433955938304,"Read this for more information about self-advocacy training in the IEP:  ‚Ä¢ What it is: Instruction and practice in identifying needs, requesting accommodations, and problem-solving a core piece of transition to college/work.  ‚Ä¢ Where it belongs: Can be written as goals, transition services, and classroom accommodations (e.g., scripts/checklists/teacher prompts).  ‚Ä¢ Quality check: Look for measurable goals, role-play + real-life practice (emailing teachers, leading parts of the IEP), and data on independence over time.  ‚Ä¢ Parent action (ask): ‚ÄúPlease include a measurable self-advocacy goal and opportunities for my student to lead part of the IEP meeting this year.  If you live in CA, need a free legal consultation and would like to discuss possible representation (also free), please click the link in our bio, fill out the form, and schedule a consultation on Calendly.   We practice in the state of California, and while many special education laws are similar across the United States, there are some slight variances from state to state.  The information provided on this social media account is intended solely to offer general information and should not be interpreted as legal advice or a substitute for legal advice.  Si vive en California, necesita una consulta legal gratuita y desea discutir una posible representaci√≥n (tambi√©n gratuita), por favor haga clic en el enlace de nuestra biograf√≠a, complete el formulario y programe una consulta en Calendly.   Practicamos en el estado de California y, aunque muchas leyes de educaci√≥n especial son similares en todo Estados Unidos, existen algunas variaciones de un estado a otro.  La informaci√≥n proporcionada en esta cuenta de redes sociales tiene como fin √∫nicamente ofrecer informaci√≥n general y no debe interpretarse como asesoramiento legal ni sustituto de asesoramiento legal. ‚Ä¶ m√°s"
LinkedIn,0,Educacion en Estados Unidos,2026-01-20 06:23:22,1 mes,7405263916794281984,"Hoy celebramos los logros del Programa de Becas Salvadore√±as Americanas (SASP). Durante m√°s de una d√©cada, el programa ha brindado a cientos de salvadore√±os la oportunidad de vivir una experiencia transformadora en Estados Unidos, accediendo a educaci√≥n de primer nivel y a un intercambio cultural que marca vidas. Agradecemos profundamente a nuestros donantes por su compromiso y apoyo continuo, que permite que m√°s sue√±os se conviertan en oportunidades reales. ¬°Sigamos invirtiendo en talento y construyendo puentes entre El Salvador y Estados Unidos!  ---------------------------------------------  Today we celebrate the achievements of the Salvadoran American Scholarship Program (SASP). For more than a decade, the program has offered hundreds of Salvadorans a transformative experience in the United States, providing access to world-class education and invaluable cultural exchange. We extend our sincere gratitude to our donors for their continued commitment and support, which makes it possible for even more dreams to grow into real opportunities. Let‚Äôs keep investing in talent and strengthening the ties between El Salvador and the United States!  Universidad de Oriente (SV) Universidad Gerardo Barrios UGB Universidad Centroamericana Jos√© Sime√≥n Ca√±as United Airlines Universidad Luterana Salvadore√±a Universidad Cat√≥lica de El Salvador Universidad Tecnol√≥gica de El Salvador Universidad Pedag√≥gica de El Salvador ‚Ä¶ m√°s"
LinkedIn,0,Educacion en Estados Unidos,2026-01-20 06:23:22,7 meses,7337364355526672385,"Un orgullo haber estudiado en Harvard, una de las universidades m√°s prestigiosas del mundo. Sin embargo, es momento de reflexionar sobre el papel de las instituciones educativas en la sociedad actual.  En Estados Unidos, la universidad se encuentra en un momento de cambio y desaf√≠o. La polarizaci√≥n pol√≠tica y la intolerancia pueden afectar la libertad de expresi√≥n y el debate constructivo en los campus.  A pesar de estos desaf√≠os, creo firmemente que la educaci√≥n es clave para el progreso y la innovaci√≥n. En Harvard, aprend√≠ a pensar cr√≠ticamente, a cuestionar y a buscar soluciones.  Sigamos trabajando juntos para fomentar un ambiente de respeto, tolerancia y debate constructivo en nuestras universidades y en la sociedad en general.  #Harvard #Educaci√≥n #Progreso #Innovaci√≥n #Respeto   Proud to have studied at Harvard, one of the world's most prestigious universities. However, it's time to reflect on the role of educational institutions in today's society.  In the United States, universities are facing a moment of change and challenge. Political polarization and intolerance can affect freedom of expression and constructive debate on campuses.  Despite these challenges, I firmly believe that education is key to progress and innovation. At Harvard, I learned to think critically, question and seek solutions.  Let's work together to foster an environment of respect, tolerance and constructive debate in our universities and society at large.  #Harvard #Education #Progress #Innovation #Respect      Campa√±a de terror en las universidades de EEUU: ""Capitulan antes de ser castigadas""  https://lnkd.in/diQa4E9x ‚Ä¶ m√°s"
LinkedIn,0,Educacion en Estados Unidos,2026-01-20 06:23:22,1 a√±o,7264398057192972288,Do to Federal cuts and being a Colony of the United States Puerto Rico children will suffer the ramification.
LinkedIn,0,Educacion en Estados Unidos,2026-01-20 06:23:22,4 meses,7372362727165476864,"At Guerrero Santana, we are proud to be partners of international institutions such as Western Governors University (WGU), a pioneer in expanding access to higher education in the United States, serving more than 120,000 students across all 50 states. Our expertise in legal and tax advisory, regulatory compliance, and comprehensive solutions has enabled WGU to strengthen its presence and operations with confidence and reliability every step of the way.  üìû Contact us: 33 3120 0538 #IntegratedSolutions #GuerreroSantana #LegalAdvisory #SecureAssets #TaxOptimization #BusinessConsulting #RiskManagement #CorporateAdvisory #Mexico #TaxAdvisory #Testimonial #WGU  En Guerrero Santana, nos enorgullece ser aliados de instituciones internacionales como Western Governors University (WGU), pionera en la expansi√≥n del acceso a la educaci√≥n superior en Estados Unidos con m√°s de 120,000 estudiantes en los 50 estados. Nuestra experiencia en asesor√≠a legal y fiscal, cumplimiento normativo y soluciones integrales ha permitido a WGU fortalecer su presencia y operaciones con confianza y solidez en cada paso.  üìû‚ÄØCont√°ctanos: 33 3120 0538 #SolucionesIntegrales #GuerreroSantana #Asesor√≠aLegal #PatrimonioSeguro #Optimizaci√≥nTributaria #Asesor√≠aLegal #Negocios #ControlDeRiesgos #Consultor√≠aEmpresarial #GuerreroSantana #M√©xico #Asesor√≠aFiscal #Testimonio #WGU ‚Ä¶ m√°s"
LinkedIn,0,Educacion en Estados Unidos,2026-01-20 06:23:22,3 meses,7383592373098008576,"Read this for more information about ensuring the IEP is actually delivered ‚¨áÔ∏è  ‚Ä¢ Binding plan: Service minutes and accommodations are obligations, not preferences; repeated cancellations typically require make-up (compensatory) services.  ‚Ä¢ Verify delivery: Request service logs, provider schedules, and goal-progress data (numbers/rubrics), not just ‚Äúmaking progress.‚Äù  ‚Ä¢ If staff shortages are cited: Districts remain responsible for FAPE; propose temporary fixes (contracted providers, schedule shifts) and a written make-up plan.  ‚Ä¢ Parent action: ‚ÄúPlease provide month-to-date service logs and a proposed schedule to make up missed minutes, with dates and providers.‚Äù  If you live in CA, need a free legal consultation and would like to discuss possible representation (also free), please click the link in our bio, fill out the form, and schedule a consultation on Calendly.   We practice in the state of California, and while many special education laws are similar across the United States, there are some slight variances from state to state.  The information provided on this social media account is intended solely to offer general information and should not be interpreted as legal advice or a substitute for legal advice.  Si vive en California, necesita una consulta legal gratuita y desea discutir una posible representaci√≥n (tambi√©n gratuita), por favor haga clic en el enlace de nuestra biograf√≠a, complete el formulario y programe una consulta en Calendly.   Practicamos en el estado de California y, aunque muchas leyes de educaci√≥n especial son similares en todo Estados Unidos, existen algunas variaciones de un estado a otro.  La informaci√≥n proporcionada en esta cuenta de redes sociales tiene como fin √∫nicamente ofrecer informaci√≥n general y no debe interpretarse como asesoramiento legal ni sustituto de asesoramiento legal. ‚Ä¶ m√°s"
LinkedIn,0,Educacion en Estados Unidos,2026-01-20 06:23:22,9 meses,7312884339569020928,"Understanding Sports Scholarships in the USA üéì‚öΩ  For many athletes, continuing their sports career while pursuing higher education can seem like a challenge. However, in the United States, the college system combines academics and athletics in a unique way. Universities have highly competitive sports teams and actively recruit players from around the world to strengthen their rosters. To attract top talent, coaches can offer sports scholarships, which help reduce or even fully cover the cost of attending college. These scholarships can include tuition, housing, meals, and other expenses, making studying in the U.S. much more accessible for student-athletes. However, every case is different, and securing a scholarship requires planning, strategy, and knowledge of the system. If you want to learn more about sports scholarships and how to apply, let‚Äôs talk! üí¨ -- Entendiendo las becas deportivas en USA üéì‚öΩ  Para muchos deportistas, continuar su carrera mientras estudian puede parecer un desaf√≠o, pero en Estados Unidos, el sistema universitario permite combinar deporte y educaci√≥n de una manera √∫nica. Las universidades cuentan con equipos de alto nivel y buscan jugadores de todo el mundo para fortalecer sus equipos. Para atraer talento, los entrenadores pueden ofrecer becas deportivas, que ayudan a reducir o incluso cubrir por completo los costos de la universidad. Estas becas pueden incluir matr√≠cula, alojamiento, alimentaci√≥n y otros gastos, haciendo que estudiar en EE.UU. sea mucho m√°s accesible para los atletas. Sin embargo, cada caso es diferente, y el proceso para conseguir una beca requiere planificaci√≥n, estrategia y conocimiento del sistema. Si quieres saber m√°s sobre c√≥mo funcionan las becas deportivas y c√≥mo aplicar, ¬°hablemos! üí¨ ‚Ä¶ m√°s"
LinkedIn,0,Educacion en Estados Unidos,2026-01-20 06:23:22,7 meses,7340764029881053185,"For the design component of my thesis for my Master of Architecture project, I elected to develop a¬†design for a refugee center. For those unacquainted with the subject, the phenomenon of people migrating from one country to another has been occurring for a considerable time. It is not a recent development, and it is not an isolated occurrence; it has not only transpired in the United States. In an effort to address the situation, I proposed an initiative that would facilitate the legal education of those seeking refuge and provide for their needs two years ago!! Due the current situation I still think it would be a great solutions now days.. Como parte de la tesis de mi proyecto de m√°ster en Arquitectura, decid√≠ dise√±ar un centro para refugiados. Para quienes no est√©n familiarizados con el tema, el fen√≥meno de la migraci√≥n de personas de un pa√≠s a otro viene produci√©ndose desde hace mucho tiempo. No es un fen√≥meno reciente ni aislado; no s√≥lo ha ocurrido en Estados Unidos. En un esfuerzo por abordar la situaci√≥n, hace dos a√±os propuse una iniciativa que facilitar√≠a la educaci√≥n jur√≠dica de quienes buscan refugio y atender√≠a sus necesidades. Dada la situaci√≥n actual, sigo pensando que ser√≠a una gran soluci√≥n.  #architecture #design ‚Ä¶ m√°s"
LinkedIn,0,Educacion en Estados Unidos,2026-01-20 06:23:22,3 meses,7384777629213769728,"YouTube Exclusive Alert! Manis, este episodio con Aurea Bola√±os Perea es la primera parte de una serie de CINCO videos sobre educaci√≥n c√≠vica para nuestra comunidad Latina Hablamos sobre la diferencia entre Civismo y Pol√≠tica, c√≥mo la informaci√≥n llega (o no llega) a nuestras comunidades, y por qu√© entender el sistema pol√≠tico de Estados Unidos nos da poder  üí¨ Comparte este episodio con alguien que quiera aprender m√°s sobre civismo üì∫ Ve el video completo en YouTube https://lnkd.in/g7mchfus  Stay shining! ‚ú®  -  YouTube Exclusive Alert! üö®  Manis, this episode with Aurea Bola√±os Perea is the first part of a five-part series on civic education for our Latina community. We talked about why understanding civics and politics in the U.S. gives us power, how information reaches our communities, and how to spot what‚Äôs real versus what‚Äôs not. Aurea reminds us that asking questions and staying informed is how we lead.  üí¨ Share this with someone who wants to learn more about civic engagement üì∫ Watch now on YouTube https://lnkd.in/gsBPyRRk  Stay shining! ‚ú®  #civics101 ‚Ä¶ m√°s"
LinkedIn,0,Educacion en Estados Unidos,2026-01-20 06:23:22,1 a√±o,7278909353368158208,"NUERA 1 SUEGRA 0  SUSCR√çBETE A NUESTRO CANAL y ACTIVA LA CAMPANITAüîî PARA NO PERDERTE NING√öN V√çDEOüá≤üáΩ GRACIAS‚ú®  ‚úÖHazte miembro de nuestro canal para tener contenido exclusivo y ventajas: https://lnkd.in/ezAWsSbT  ‚ñ∂Ô∏è Suscribete a nuestro canal: https://lnkd.in/eS-tNTHS  üôãüôã‚Äç‚ôÇÔ∏èInstagram: https://ift.tt/9A4p5fC  ‚ñ∂Ô∏èDonativos para Viaje a M√©xico: https://ift.tt/2PbFlZr  ‚ñ∂Ô∏èContacto: martavladi08@gmail.com  #mexico #mexicano  ¬°Hoy os traemos el v√≠deo de‚Ä¶ NUERA 1 SUEGRA 0  Este v√≠deo fue una creaci√≥n audiovisual que se baso en la recopilaci√≥n de distintos medios visuales para realizaci√≥n de este v√≠deo. La Ley de Copyright de los Estados Unidos de Am√©rica especifica que todo v√≠deo cuyo prop√≥sito sea entretenimiento, reportaje, educaci√≥n, investigaci√≥n o comentario no infringe los derechos originales de los contenidos y por lo tanto se considera ""Uso Justo"" ""Fair Use"" bajo la ley estadounidense.  ‚òÖ DISCLAIMER ‚òÖ I do not own the anime, music, artwork or the lyrics. All rights reserved to their respective owners!!! This video is not meant to infringe any of the copyrights. This is for promote.  ------------------------------------  ‚òÖ Copyright Disclaimer ‚òÖ Title 17, US Code (Sections 107-118 of the copyright law, Act 1976): All media in this video is used for purpose of review & commentary under terms of fair use. All footage, & images used belong to their respective companies. Fair use is a use permitted by copyright statute that might otherwise be infringing.  via YouTube https://lnkd.in/eeAdF5R7 ‚Ä¶ m√°s"
LinkedIn,0,Educacion en Estados Unidos,2026-01-20 06:23:22,2 meses,7386472599150592000,"Read this for more information about accommodations vs. modifications ‚¨áÔ∏è  ‚Ä¢ Accommodations change how a student learns/tests (e.g., read-aloud, breaks, visuals) so they can access grade-level content.  ‚Ä¢ Modifications change what is taught/assessed (reduced complexity/quantity), which may affect grade-level expectations and sometimes grading/promotion.  ‚Ä¢ Why it matters: Using a modification when an accommodation would suffice can limit progress and options; label supports clearly in the IEP.  ‚Ä¢ Parent action: Ask the team to mark each support as A (accommodation) or M (modification) and explain how each ties to Present Levels and goals.  ‚Ä¢ Quick check: ‚ÄúCould an accommodation allow access to the same standard? If yes, use that first.‚Äù  If you live in CA, need a free legal consultation and would like to discuss possible representation (also free), please click the link in our bio, fill out the form, and schedule a consultation on Calendly.   We practice in the state of California, and while many special education laws are similar across the United States, there are some slight variances from state to state.  The information provided on this social media account is intended solely to offer general information and should not be interpreted as legal advice or a substitute for legal advice.  Si vive en California, necesita una consulta legal gratuita y desea discutir una posible representaci√≥n (tambi√©n gratuita), por favor haga clic en el enlace de nuestra biograf√≠a, complete el formulario y programe una consulta en Calendly.   Practicamos en el estado de California y, aunque muchas leyes de educaci√≥n especial son similares en todo Estados Unidos, existen algunas variaciones de un estado a otro.  La informaci√≥n proporcionada en esta cuenta de redes sociales tiene como fin √∫nicamente ofrecer informaci√≥n general y no debe interpretarse como asesoramiento legal ni sustituto de asesoramiento legal. ‚Ä¶ m√°s"
LinkedIn,0,Educacion en Estados Unidos,2026-01-20 06:23:22,5 meses,7354695701508841472,"We are pleased to share that the U.S. Department of Education has announced the full release of $6.8 billion in federal education funds, restoring critical support for key programs across the country‚Äîincluding those that serve students and educators in the Salinas Union High School District. This reversal ensures continued funding for essential initiatives such as Migrant Education (Title I-Part C), Professional Learning for Educators (Title II-Part A), English Learner Support (Title III), and programs that promote a well-rounded education and safe school environments (Title IV-Part A).  ‚Äî‚Äî‚Äî‚Äî  Nos complace informarles que el Departamento de Educaci√≥n de los Estados Unidos anunci√≥ la liberaci√≥n total de $6.8 mil millones en fondos federales para la educaci√≥n, lo que restablece el apoyo crucial a programas clave en todo el pa√≠s, incluyendo aquellos que atienden a estudiantes y educadores del Distrito Escolar Unificado de Preparatorias de Salinas. ‚Ä¶ m√°s"
LinkedIn,0,Educacion en Estados Unidos,2026-01-20 06:23:22,Sandra J Adames Querales,7393761133976788992,"I'm proud to share my new bilingual article focused on empowering women i the U.S energy workforce through accessible, technical education. This initiative-"" Virtual Bilingual Technical Training and Empowerment Program for Women in the oil and gas Energy sector""- was born from my experience in the Permian Basin and the belief that language should never be barrier to opportunity. Every woman trained represents a stronger, more resilient America. üåé Full article available below üìå   Me enorgullece compartir mi nuevo articulo bilingue sobre como empoderar a las mujeres en la fuerza laboral energetica en el sector de petroleo y gas de Estados Unidos a traves de educacion tecnica accesible. Cada mujer capacitada representa una nacion mas fuerte y resiliente. #WomenInEnergy # Bilingual Training #STEM #WorkforceDevelopment # Inclusion #Leadership #PermianBasin #Empowerment #Sustainability #NationalInterest ‚Ä¶ m√°s"
LinkedIn,0,Educacion en Estados Unidos,2026-01-20 06:23:22,6 meses,7348358741534138369,"üö® Calling all bilingual Spanish-English teachers in the U.S. and the U.K.! üö®  Would you like to be part of a pioneering experience in school mental health and emotional well-being? üåç‚ú®  At MUUD, we‚Äôre launching our international pilot phase and we‚Äôre looking for Latino educators who want to transform student well-being and school climate in their communities üá∫üá∏ üá¨üáß  üß† By joining, you‚Äôll:  Be part of MUUD‚Äôs official expansion in the U.S. and the U.K. Experience our emotional insights platform in your own classroom Be featured in our official BETT 2026 showcase in London! üèÜüìç  Your voice, your students, and your perspective will help shape the next global step of a platform already impacting over 100 schools across LATAM and beyond.  üì© Interested in joining us? Drop a comment or DM me directly or rodrigo@muud.app Let‚Äôs show the world the emotional power of education ‚Äî in our own language.  #MUUD #MentalHealthInSchools #InternationalPilot #LatinoTeachers #BETT2026 #EmotionalEducation #SchoolClimate #LatinosWorldwide  üö® ¬°Atenci√≥n profesoras y profesores LATINOS en EE.UU. y UK! üö®  ¬øQuieres ser parte de una experiencia pionera en salud mental y bienestar socioemocional escolar? üåé‚ú®  Desde MUUD, estamos abriendo nuestra fase de pilotaje internacional y buscamos docentes latinos que quieran transformar la convivencia y el bienestar emocional en sus comunidades escolares üá∫üá∏ üá¨üáß  üß† Ser√°s parte de:  La expansi√≥n oficial de MUUD en Estados Unidos y Reino Unido Un programa de experiencias de usuario con acompa√±amiento ¬°Y podr√°s ser parte de la presentaci√≥n oficial en BETT 2026 en Londres! üèÜüìç  Tu voz, tus estudiantes y tu realidad ser√°n clave para mejorar la tecnolog√≠a que hoy usan m√°s de 100 colegios en LATAM y el mundo.  üì© ¬øTe interesa sumarte? D√©janos un comentario o escr√≠beme por interno o envia a rodrigo@muud.app ¬°Vamos a mostrar juntos el poder de la educaci√≥n emocional en nuestro idioma!  #MUUD #SaludMentalEscolar #PilotajeInternacional #DocentesLatinos #BETT2026 #Educaci√≥nEmocional #ConvivenciaEscolar #LatinosEnElMundo ‚Ä¶ m√°s"
LinkedIn,0,Educacion en Estados Unidos,2026-01-20 06:23:22,1 a√±o,7268732244691759105,"TE DELATARON  SUSCRIBETE A NUESTRO CANAL Y ACTIVA LA CAMPANITA PARA NO PERDERTE NINGUN V√çDEO! ‚ù§Ô∏èüôè.  üëâHazte miembro de nuestro canal para tener contenido exclusivo: https://lnkd.in/eseUQeST  üëâInstagram Jon: https://ift.tt/i5u6j8V üëâInstagram Moni: https://ift.tt/1de78Cq üëâFacebook: https://ift.tt/KwNJB8o üëâContacto: info@familiasinache.com  TE DELATARON  #mexico #mexicano  Este v√≠deo fue una creaci√≥n audiovisual que se baso en la recopilaci√≥n de distintos medios visuales para realizaci√≥n de este v√≠deo. La Ley de Copyright de los Estados Unidos de Am√©rica especifica que todo v√≠deo cuyo prop√≥sito sea entretenimiento, reportaje, educaci√≥n, investigaci√≥n o comentario no infringe los derechos originales de los contenidos y por lo tanto se considera ""Uso Justo"" ""Fair Use"" bajo la ley estadounidense.  ‚òÖ DISCLAIMER ‚òÖ I do not own the anime, music, artwork or the lyrics. All rights reserved to their respective owners!!! This video is not meant to infringe any of the copyrights. This is for promote.  ------------------------------------  ‚òÖ Copyright Disclaimer ‚òÖ Title 17, US Code (Sections 107-118 of the copyright law, Act 1976): All media in this video is used for purpose of review & commentary under terms of fair use. All footage, & images used belong to their respective companies. Fair use is a use permitted by copyright statute that might otherwise be infringing.  via YouTube https://lnkd.in/eiEep5AW ‚Ä¶ m√°s"
LinkedIn,0,Educacion en Estados Unidos,2026-01-20 06:23:22,3 meses,7382123942490169344,"When Schools Don‚Äôt Update IEPs for Middle School  Transitioning from elementary to middle school is a major change ‚Äî new teachers, classes, and expectations. But many schools forget one crucial step: re-evaluating a student‚Äôs IEP to fit this new environment.  Here‚Äôs what families can do üëá 1Ô∏è‚É£ Request that the IEP be re-evaluated to match new learning environments. 2Ô∏è‚É£ Schedule a transition meeting before the school year begins to review supports across multiple teachers and subjects. 3Ô∏è‚É£ Ask for written clarity on who‚Äôs responsible for each support or accommodation.  ‚ú® Middle school success starts with clear communication and updated supports. Let‚Äôs make sure every student enters confident, not confused.  üëâ Follow for more expert guidance on navigating IEPs and school transitions.  If you live in CA, need a free legal consultation and would like to discuss possible representation (also free), please click the link in our bio, fill out the form, and schedule a consultation on Calendly.   We practice in the state of California, and while many special education laws are similar across the United States, there are some slight variances from state to state.  The information provided on this social media account is intended solely to offer general information and should not be interpreted as legal advice or a substitute for legal advice.  Si vive en California, necesita una consulta legal gratuita y desea discutir una posible representaci√≥n (tambi√©n gratuita), por favor haga clic en el enlace de nuestra biograf√≠a, complete el formulario y programe una consulta en Calendly.   Practicamos en el estado de California y, aunque muchas leyes de educaci√≥n especial son similares en todo Estados Unidos, existen algunas variaciones de un estado a otro.  La informaci√≥n proporcionada en esta cuenta de redes sociales tiene como fin √∫nicamente ofrecer informaci√≥n general y no debe interpretarse como asesoramiento legal ni sustituto de asesoramiento legal. ‚Ä¶ m√°s"
LinkedIn,0,Educacion en Estados Unidos,2026-01-20 06:23:22,9 meses,7312555009596911619,"üìç ¬°Otra semana de visitas en Estados Unidos!¬† Tuvimos el placer de visitar estas escuelas incre√≠bles:¬† üè´ PS 311‚Äì Lucero Elementary School Port Chesters School: üè´ John F Kennedy Elemtary School üè´ Park Avenue Elementary school üè´ King Street School üè´ P.S. 228Q D30 The Ivan Lafayette Early Childhood School of the Arts üè´ PS 457 Sheridan Acadmy for Young Leaders üè´ PS 82 ‚Äì The Hammond School¬† üè´ PS 153 ‚Äì Adam Clayton Powell Jr. Elementary School¬† üè´ PS 513 ‚Äì The Castle Bridge üè´ PS 28 ‚Äì Mount Hope Centennial üè´ PS 595 ‚Äì The Colibri Community School üè´ PS 311‚Äì¬†Lucero Elementary School   Nos llevamos el enorme compromiso de sus directivos, docentes y alumnos, que trabajan con entusiasmo y dedicaci√≥n por una educaci√≥n de calidad.   Gracias por recibirnos con tanto inter√©s y calidez. ¬°A seguir creciendo juntos! üìö‚ú®  #AprendoLeyendo #Educaci√≥n #LecturaEnEspa√±ol #BilingualEducation #USA  ---  üìç Another inspiring week of school visits in the U.S.!¬† We had the pleasure of visiting these wonderful schools:¬† üè´ PS 311‚Äì Lucero Elementary School¬† Port Chesters School: üè´ John F Kennedy Elementary School üè´ Park Avenue Elementary School üè´ King Street School üè´ P.S. 228Q D30 The Ivan Lafayette Early Childhood School of the Arts üè´ PS 457 Sheridan Academy for Young Leaders üè´ PS 82 ‚Äì The Hammond School¬† üè´ PS 153 ‚Äì Adam Clayton Powell Jr. Elementary School¬† üè´ PS 513 ‚Äì The Castle Bridge üè´ PS 28 ‚Äì Mount Hope Centennial üè´ PS 595 ‚Äì The Colibri Community School üè´ PS 311‚Äì¬†Lucero Elementary School  We were impressed by the strong commitment of principals, teachers, and students‚Äîworking together with passion and dedication toward quality education.   Thank you for welcoming us so warmly. Let‚Äôs keep growing together! üìö‚ú®  #AprendoLeyendo #Education #SpanishLiteracy #BilingualSchools #TeacherTraining ‚Ä¶ m√°s"
LinkedIn,0,Educacion en Estados Unidos,2026-01-20 06:23:22,6 meses,7350359939862749184,"(English below) Les comparto el art√≠culo de la investigadora Camila Jaramillo L√≥pez quien, junto a su equipo, realiz√≥ una revisi√≥n de alcance sobre lo que ocurre en aulas preescolares cuando¬†educadoras monoling√ºes¬†ense√±an a ni√±as y ni√±os multiling√ºes en la educaci√≥n inicial en¬†Latinoam√©rica, Estados Unidos y Europa. Investigaciones como esta nos permiten conocer experiencias en otros contextos y ofrecen orientaciones valiosas sobre estrategias que podr√≠amos desarrollar en¬†Chile, siempre considerando nuestras particularidades locales.   I‚Äôd like to share this article by researcher¬†Camila Jaramillo L√≥pez¬†and her team, who conducted a scoping review on what happens in¬†preschool classrooms¬†when¬†monolingual educators¬†teach¬†multilingual children¬†in early childhood education settings across¬†Latin America, the United States, and Europe. Research like this helps us understand what is happening in other contexts and sheds light on strategies that could be adapted and implemented in¬†Chile, always taking into account our local realities. ‚Ä¶ m√°s"
LinkedIn,0,Educacion en Estados Unidos,2026-01-20 06:23:22,6 meses,7344841647475580929,"[English version below]  Esther es una mujer maravillosa. Aprendi√≥ ingl√©s, valid√≥ sus estudios en Estados Unidos, est√° optando por becas universitarias para estudiar educaci√≥n y fue la primera en su promoci√≥n -y oradora de orden- de estudios PENTA.  Me siento muy orgulloso de llamarla mi compa√±era de vida, mi esposa y mi amiga. Con ella he crecido como hombre y profesional, al compartir los intereses y activismos que impulsamos para hacer de este mundo un lugar mejor. No s√≥lo para nosotros sino para nuestros hijos.  Somos migrantes, somos valiosos y somos importantes. Te amo, mi amor.  ‚Äî‚Äî‚Äî‚Äî‚Äî-  Esther is a marvelous woman. She learned English, validated her studies in the U.S., is applying for scholarships to study education, and was valedictorian of her class in the PENTA program.  I'm very proud to call her my life partner, my wife, and my friend. With her, I've grown as a man and a professional. We share the interests and activism to make this world a better place. Not only for us but for our children as well.  We are migrants, we are valuable, and we are important. I love you, my love. ‚Ä¶ m√°s"
LinkedIn,0,Educacion en Estados Unidos,2026-01-20 06:23:22,3 meses,7384683309978542080,"Read this for more information about IEP services through age 22 in California:  ‚Ä¢ The rule: If a student has not earned a regular high school diploma, they generally remain eligible for special education through the school year in which they turn 22, subject to birthday-month rules (students turning 22 in July‚ÄìSept typically cannot start a new year of services).  ‚Ä¢ What can continue (if needed): Academic instruction, transition services, community-based instruction, vocational training, travel training, related services (SLP/OT/PT), and life-skills instruction as documented in the IEP.  ‚Ä¢ Diploma vs. certificate: A regular diploma ends eligibility; a certificate of completion does not.  ‚Ä¢ Parent action: Ask the team to map a multi-year transition plan (goals + services + placements) with progress reviews at least as often as report cards.  ‚Ä¢ Pro tip: At 18, educational rights typically transfer to the student; discuss consent/representation before senior year.  If you live in CA, need a free legal consultation and would like to discuss possible representation (also free), please click the link in our bio, fill out the form, and schedule a consultation on Calendly.   We practice in the state of California, and while many special education laws are similar across the United States, there are some slight variances from state to state.  The information provided on this social media account is intended solely to offer general information and should not be interpreted as legal advice or a substitute for legal advice.  Si vive en California, necesita una consulta legal gratuita y desea discutir una posible representaci√≥n (tambi√©n gratuita), por favor haga clic en el enlace de nuestra biograf√≠a, complete el formulario y programe una consulta en Calendly.   Practicamos en el estado de California y, aunque muchas leyes de educaci√≥n especial son similares en todo Estados Unidos, existen algunas variaciones de un estado a otro.  La informaci√≥n proporcionada en esta cuenta de redes sociales tiene como fin √∫nicamente ofrecer informaci√≥n general y no debe interpretarse como asesoramiento legal ni sustituto de asesoramiento legal. ‚Ä¶ m√°s"
LinkedIn,0,Educacion en Estados Unidos,2026-01-20 06:23:22,1 a√±o,7265863481529098240,"EL SE√ëOR DEJANDO LAS COSAS CLARAS  SUSCR√çBETE A NUESTRO CANAL y ACTIVA LA CAMPANITAüîî PARA NO PERDERTE NING√öN V√çDEOüá≤üáΩ GRACIAS‚ú®  ‚úÖHazte miembro de nuestro canal para tener contenido exclusivo y ventajas: https://lnkd.in/ezAWsSbT  ‚ñ∂Ô∏è Suscribete a nuestro canal: https://lnkd.in/eS-tNTHS  üôãüôã‚Äç‚ôÇÔ∏èInstagram: https://ift.tt/6sbwIFj  ‚ñ∂Ô∏èDonativos para Viaje a M√©xico: https://ift.tt/pvk3xl2  ‚ñ∂Ô∏èContacto: martavladi08@gmail.com  #mexico #mexicano  ¬°Hoy os traemos el v√≠deo de‚Ä¶ EL SE√ëOR DEJANDO LAS COSAS CLARAS  Este v√≠deo fue una creaci√≥n audiovisual que se baso en la recopilaci√≥n de distintos medios visuales para realizaci√≥n de este v√≠deo. La Ley de Copyright de los Estados Unidos de Am√©rica especifica que todo v√≠deo cuyo prop√≥sito sea entretenimiento, reportaje, educaci√≥n, investigaci√≥n o comentario no infringe los derechos originales de los contenidos y por lo tanto se considera ""Uso Justo"" ""Fair Use"" bajo la ley estadounidense.  ‚òÖ DISCLAIMER ‚òÖ I do not own the anime, music, artwork or the lyrics. All rights reserved to their respective owners!!! This video is not meant to infringe any of the copyrights. This is for promote.  ------------------------------------  ‚òÖ Copyright Disclaimer ‚òÖ Title 17, US Code (Sections 107-118 of the copyright law, Act 1976): All media in this video is used for purpose of review & commentary under terms of fair use. All footage, & images used belong to their respective companies. Fair use is a use permitted by copyright statute that might otherwise be infringing.  via YouTube https://lnkd.in/e_4YKAey ‚Ä¶ m√°s"
LinkedIn,0,Educacion en Estados Unidos,2026-01-20 06:23:22,3 meses,7384588949807079424,"üéì The next generation of engineers is already here ‚Äî and they‚Äôre in Mexico. üá≤üáΩ  Every year, 130,000 engineers graduate from Mexican universities, fueling one of the most competitive labor markets in North America. ‚öôÔ∏è  üìö Technical education designed for industry  üó£Ô∏è Growing bilingual talent across key states  üí∞ 60‚Äì70% lower labor costs than in the U.S.  üìà For manufacturers, tech firms, and Research & Development centers ‚Äî talent isn‚Äôt the challenge, it‚Äôs the opportunity.  üí¨ Need engineers or technical staff?   DM ‚ÄúENGINEERS‚Äù and let‚Äôs identify the regions where top talent meets your industry‚Äôs needs.  -------------------------------------------------------------------------------------  üéì La nueva generaci√≥n de ingenieros ya est√° aqu√≠ ‚Äî y est√° en M√©xico. üá≤üáΩ  Cada a√±o, M√©xico grad√∫a m√°s de 130,000 ingenieros, impulsando uno de los mercados laborales m√°s competitivos de Norteam√©rica. ‚öôÔ∏è  üìö Educaci√≥n t√©cnica enfocada en la industria  üó£Ô∏è Biling√ºismo en crecimiento en los principales estados  üí∞ Costos 60‚Äì70% menores que en Estados Unidos  üìà Para fabricantes, tecnol√≥gicas y centros de Investigaci√≥n y Desarrollo ‚Äî el talento no es el problema, es la ventaja.  üí¨ ¬øNecesita ingenieros o personal t√©cnico?   Escr√≠bame ‚ÄúINGENIEROS‚Äù y le mostrar√© d√≥nde el mejor talento mexicano se conecta con su sector.  #Engineering #Talent #Workforce #Education #SkilledLabor #Nearshoring #USMCA #TMEC #Manufacturing #TechTalent #Mexico #Innovation #HumanCapital #SmartNearshoring #Investment #BusinessGrowth #InternationalBusiness üöÄ  ‚Ä¶ m√°s"
LinkedIn,0,Educacion en Estados Unidos,2026-01-20 06:23:22,2 meses,7389380632117825536,"We are so happy to be expanding our Richmond partnership into Ecuador!  https://lnkd.in/gsEvqQ5j Santillana Ecuador GRUPO SANTILLANA EDUCACION GLOBAL SL ADVANTAGES Digital Learning Solutions Advantages School International, LLC ‚Ä¶ m√°s"
LinkedIn,0,Educacion en Estados Unidos,2026-01-20 06:23:22,1 a√±o,7284967879865720833,"5 Razones para Construir Tu Carrera en EEUU  		>>PLEASE SEE BELOW FOR ENGLISH<<  ¬°El Momento de Actuar es Ahora!  ¬øSue√±as con llevar tu carrera al siguiente nivel? EEUU podr√≠a ser tu mejor opci√≥n: un pa√≠s donde el talento y la ambici√≥n se transforman en √©xito global.  1Ô∏è‚É£ Reconocimiento Global: Trabaja en empresas como Google, Tesla o Goldman Sachs y destaca como un profesional de clase mundial.  2Ô∏è‚É£ Desarrollo Profesional: Aprende y crece en un entorno que fomenta la innovaci√≥n y la excelencia.  3Ô∏è‚É£ Altos Ingresos: Gana hasta un 40% m√°s que en otros mercados, con beneficios incomparables.  4Ô∏è‚É£ Networking Estrat√©gico: Conecta con l√≠deres y oportunidades que cambiar√°n tu carrera.  5Ô∏è‚É£ Diversidad y Crecimiento Personal: Vive y trabaja en un entorno culturalmente diverso que enriquecer√° tu vida.  üí° Opciones de Visa para Profesionales: H-1B, O-1, L-1, EB-2, EB-3, y m√°s.  üìñ La Historia de una Familia como la Tuya: Mariana y Carlos vivieron en varios pa√≠ses debido al trabajo ejecutivo de Carlos. Decidieron que era hora de elegir un lugar para construir el futuro que so√±aban: oportunidades profesionales, respeto a su talento, educaci√≥n de calidad y tranquilidad para su familia. Eligieron Estados Unidos, donde ahora comienzan un nuevo cap√≠tulo lleno de crecimiento profesional, seguridad y un futuro prometedor.  üåü ¬°Tu futuro comienza hoy! Cont√°ctanos y descubre c√≥mo transformar tu vida profesional y personal en EEUU.  5 Reasons to Build Your Career in the U.S.  The Time to Act is Now!  Do you dream of taking your career to the next level? The U.S. could be your best option‚Äîa country where talent and ambition turn into global success.  1Ô∏è‚É£ Global Recognition: Work at companies like Google, Tesla, or Goldman Sachs and stand out as a world-class professional.  2Ô∏è‚É£ Professional Development: Learn and grow in an environment that fosters innovation and excellence.  3Ô∏è‚É£ Higher Earnings: Earn up to 40% more than in other markets, with unmatched benefits.  4Ô∏è‚É£ Strategic Networking: Connect with leaders and opportunities that will transform your career.  5Ô∏è‚É£ Diversity and Personal Growth: Live and work in a culturally diverse environment that will enrich your life.  üí° Visa Options for Professionals: H-1B, O-1, L-1, EB-2, EB-3, and more.  üìñ The Story of a Family Like Yours: Mariana and Carlos lived in several countries due to Carlos‚Äôs executive work. They decided it was time to choose a place to build the future they dreamed of: professional opportunities, respect for their talent, quality education, and safety for their family. They chose the United States, where they are now starting a new chapter filled with professional growth, security, and a promising future.  üåü Your future starts today! Contact us and discover how to transform your professional and personal life in the U.S. ‚Ä¶ m√°s"
LinkedIn,0,Educacion en Estados Unidos,2026-01-20 06:23:22,3 meses,7383950981061017600,"Read this for more information about Present Levels of Performance (PLAAFP) ‚¨áÔ∏è  ‚Ä¢ Why it matters: Present Levels drive goals, services, and placement; vague Present Levels yield vague goals and supports.  ‚Ä¢ Quality check: Include current objective data (scores/work samples), impact of disability across settings (class, playground, homework), and specific needs.  ‚Ä¢ Baselines, not buzzwords: Use quantifiable statements (e.g., ‚Äúreads 60 wpm with 8 errors on grade-level text‚Äù), not ‚Äúbelow average.‚Äù  ‚Ä¢ If data is missing: Request additional assessments (e.g., phonological processing, pragmatics, executive function) to fill gaps.  ‚Ä¢ Parent action: ‚ÄúPlease add baseline data, sources, and dates for each area so this year‚Äôs goals are truly measurable.‚Äù  If you live in CA, need a free legal consultation and would like to discuss possible representation (also free), please click the link in our bio, fill out the form, and schedule a consultation on Calendly.   We practice in the state of California, and while many special education laws are similar across the United States, there are some slight variances from state to state.  The information provided on this social media account is intended solely to offer general information and should not be interpreted as legal advice or a substitute for legal advice.  Si vive en California, necesita una consulta legal gratuita y desea discutir una posible representaci√≥n (tambi√©n gratuita), por favor haga clic en el enlace de nuestra biograf√≠a, complete el formulario y programe una consulta en Calendly.   Practicamos en el estado de California y, aunque muchas leyes de educaci√≥n especial son similares en todo Estados Unidos, existen algunas variaciones de un estado a otro.  La informaci√≥n proporcionada en esta cuenta de redes sociales tiene como fin √∫nicamente ofrecer informaci√≥n general y no debe interpretarse como asesoramiento legal ni sustituto de asesoramiento legal. ‚Ä¶ m√°s"
LinkedIn,0,Educacion en Estados Unidos,2026-01-20 06:23:22,8 meses,7329960582520975360,"ADIVINA EL COLOR  SUSCRIBETE A NUESTRO CANAL Y ACTIVA LA CAMPANITA PARA NO PERDERTE NINGUN V√çDEO! ‚ù§Ô∏èüôè.  üëâHazte miembro de nuestro canal para tener contenido exclusivo: https://lnkd.in/eseUQeST  üëâInstagram Jon: https://ift.tt/RS7syWq üëâInstagram Moni: https://ift.tt/Ug1JDWY üëâFacebook: https://ift.tt/suvxaJk üëâContacto: info@familiasinache.com  ADIVINA EL COLOR  #mexico #mexicano  Este v√≠deo fue una creaci√≥n audiovisual que se baso en la recopilaci√≥n de distintos medios visuales para realizaci√≥n de este v√≠deo. La Ley de Copyright de los Estados Unidos de Am√©rica especifica que todo v√≠deo cuyo prop√≥sito sea entretenimiento, reportaje, educaci√≥n, investigaci√≥n o comentario no infringe los derechos originales de los contenidos y por lo tanto se considera ""Uso Justo"" ""Fair Use"" bajo la ley estadounidense.  ‚òÖ DISCLAIMER ‚òÖ I do not own the anime, music, artwork or the lyrics. All rights reserved to their respective owners!!! This video is not meant to infringe any of the copyrights. This is for promote.  ------------------------------------  ‚òÖ Copyright Disclaimer ‚òÖ Title 17, US Code (Sections 107-118 of the copyright law, Act 1976): All media in this video is used for purpose of review & commentary under terms of fair use. All footage, & images used belong to their respective companies. Fair use is a use permitted by copyright statute that might otherwise be infringing.  via YouTube https://lnkd.in/edARnh2d ‚Ä¶ m√°s"
